timestamp,occupancy,temperature_c,humidity_percent,co2_ppm,hvac_kw,lighting_kw,equipment_kw,total_power_kw,hour,day_of_week,future_power_kw,predicted_power_kw
2026-01-10 14:00:00,194,25.017333333333333,49.374,744.8306666666667,43.45,6.0,15.04,64.49,14,5,61.47,60.07655000000006
2026-01-10 14:15:00,165,24.971999999999998,48.586666666666666,696.272,40.65,6.0,14.82,61.47,14,5,60.81,59.651550000000086
2026-01-10 14:30:00,152,24.913333333333334,49.16733333333333,677.1886666666667,38.99,6.0,15.82,60.81,14,5,62.06,59.65785000000001
2026-01-10 14:45:00,158,25.020666666666667,49.586666666666666,680.818,40.61,6.0,15.45,62.06,14,5,58.53,60.45480000000004
2026-01-10 15:00:00,142,24.855999999999998,50.144666666666666,657.8293333333334,37.6,6.0,14.93,58.53,15,5,59.73,61.48945000000007
2026-01-10 15:15:00,146,24.885333333333335,50.99,663.628,38.23,6.0,15.5,59.73,15,5,63.89,60.80260000000002
2026-01-10 15:30:00,178,25.038,50.343333333333334,710.9286666666667,42.38,6.0,15.51,63.89,15,5,60.95,60.957700000000024
2026-01-10 15:45:00,160,24.938,50.193333333333335,680.448,39.91,6.0,15.04,60.95,15,5,57.81,61.28290000000002
2026-01-10 16:00:00,128,24.88133333333333,49.36866666666666,631.6033333333332,36.73,6.0,15.08,57.81,16,5,68.14,60.89360000000001
2026-01-10 16:15:00,174,24.96333333333333,49.367333333333335,712.7366666666666,41.26,12.0,14.88,68.14,16,5,65.96,57.944899999999954
2026-01-10 16:30:00,142,24.90266666666667,49.81333333333334,655.5426666666666,38.08,12.0,15.88,65.96,16,5,68.98,62.65879999999993
2026-01-10 16:45:00,171,25.022,49.69133333333333,702.5846666666667,41.65,12.0,15.33,68.98,16,5,49.24,62.33344999999999
2026-01-10 17:00:00,24,24.566666666666666,49.81266666666667,458.05199999999996,25.12,9.75,14.37,49.24,17,5,39.11,40.45085
2026-01-10 17:15:00,19,23.764,55.79333333333333,450.8926666666667,16.32,8.25,14.540000000000001,39.11,17,5,43.05,39.92349999999993
2026-01-10 17:30:00,27,23.778000000000002,54.832,463.474,17.12,10.5,15.43,43.05,17,5,41.019999999999996,40.78650000000005
2026-01-10 17:45:00,21,23.745333333333335,53.998666666666665,452.30333333333334,16.29,9.0,15.73,41.019999999999996,17,5,43.6,40.73634999999996
2026-01-10 18:00:00,25,23.763333333333332,55.42466666666667,465.71733333333333,16.77,11.25,15.58,43.6,18,5,40.13,38.76519999999998
2026-01-10 18:15:00,20,23.72733333333333,55.900666666666666,456.014,16.0,9.0,15.13,40.13,18,5,37.82,38.99369999999993
2026-01-10 18:30:00,15,23.767999999999997,54.45466666666667,446.5433333333333,16.07,6.0,15.75,37.82,18,5,40.11,38.18304999999998
2026-01-10 18:45:00,20,23.766666666666666,55.674,452.4386666666667,16.46,8.25,15.4,40.11,18,5,30.39,40.048049999999954
2026-01-10 19:00:00,0,23.688666666666666,54.954,418.80533333333335,14.13,0.75,15.51,30.39,19,5,30.0,30.187100000000022
2026-01-10 19:15:00,0,23.697333333333333,55.674,424.95733333333334,14.13,0.75,15.12,30.0,19,5,30.11,33.00035
2026-01-10 19:30:00,0,23.726666666666667,55.72666666666667,422.68199999999996,14.4,0.75,14.96,30.11,19,5,29.05,29.68400000000001
2026-01-10 19:45:00,0,23.596666666666668,55.50333333333333,420.71066666666667,13.21,0.75,15.09,29.05,19,5,30.04,43.13584999999991
2026-01-10 20:00:00,0,23.706,55.65533333333334,419.956,14.17,0.75,15.120000000000001,30.04,20,5,29.79,30.026550000000007
2026-01-10 20:15:00,0,23.673333333333336,55.368,419.142,13.92,0.75,15.120000000000001,29.79,20,5,30.07,30.043400000000016
2026-01-10 20:30:00,0,23.654666666666667,53.74666666666667,414.61733333333336,13.7,0.75,15.620000000000001,30.07,20,5,29.92,31.831950000000006
2026-01-10 20:45:00,0,23.682000000000002,54.918,419.4533333333333,13.94,0.75,15.23,29.92,20,5,29.5,30.09525000000003
2026-01-10 21:00:00,0,23.623333333333335,56.63066666666667,415.806,13.45,0.75,15.3,29.5,21,5,30.33,30.264699999999998
2026-01-10 21:15:00,0,23.7,55.23533333333333,421.84000000000003,14.18,0.75,15.4,30.33,21,5,29.28,30.040149999999997
2026-01-10 21:30:00,0,23.578,54.912000000000006,419.67133333333334,13.030000000000001,0.75,15.5,29.28,21,5,30.46,43.441249999999926
2026-01-10 21:45:00,0,23.749333333333333,54.29933333333334,415.7133333333333,14.72,0.75,14.989999999999998,30.46,21,5,29.99,32.40684999999999
2026-01-10 22:00:00,0,23.716,54.86133333333333,422.674,14.34,0.75,14.9,29.99,22,5,30.03,30.191200000000016
2026-01-10 22:15:00,0,23.68,55.096,423.9866666666667,13.969999999999999,0.75,15.31,30.03,22,5,30.45,30.84399999999997
2026-01-10 22:30:00,0,23.722666666666665,55.45066666666666,420.8926666666667,14.34,0.75,15.36,30.45,22,5,29.01,30.27019999999998
2026-01-10 22:45:00,0,23.645333333333333,54.46133333333333,422.53866666666664,13.69,0.75,14.57,29.01,22,5,30.42,30.583350000000014
2026-01-10 23:00:00,0,23.7,54.76133333333333,421.4426666666667,14.200000000000001,0.75,15.47,30.42,23,5,29.86,30.296500000000016
2026-01-10 23:15:00,0,23.67866666666667,54.90333333333333,423.8686666666666,14.02,0.75,15.09,29.86,23,5,30.28,30.86379999999998
2026-01-10 23:30:00,0,23.70266666666667,55.234,422.072,14.200000000000001,0.75,15.33,30.28,23,5,29.47,30.035450000000004
2026-01-10 23:45:00,0,23.582666666666668,54.08133333333333,422.1566666666667,13.09,0.75,15.629999999999999,29.47,23,5,30.28,43.48414999999991
2026-01-11 00:00:00,0,23.746,55.056000000000004,422.46200000000005,14.57,0.75,14.96,30.28,0,6,30.05,29.95795000000003
2026-01-11 00:15:00,0,23.645333333333333,54.730000000000004,421.4133333333333,13.65,0.75,15.65,30.05,0,6,30.39,30.290749999999985
2026-01-11 00:30:00,0,23.732666666666667,55.07933333333334,413.38666666666666,14.51,0.75,15.13,30.39,0,6,29.529999999999998,31.121099999999984
2026-01-11 00:45:00,0,23.648,55.106,416.53,13.6,0.75,15.18,29.529999999999998,0,6,29.87,30.100799999999996
2026-01-11 01:00:00,0,23.691333333333333,54.83266666666667,413.99399999999997,14.08,0.75,15.040000000000001,29.87,1,6,29.4,32.69899999999996
2026-01-11 01:15:00,0,23.680666666666664,55.24933333333333,420.56266666666664,13.96,0.75,14.690000000000001,29.4,1,6,30.09,30.62430000000002
2026-01-11 01:30:00,0,23.728666666666665,55.74733333333334,419.614,14.46,0.75,14.88,30.09,1,6,30.13,30.11060000000003
2026-01-11 01:45:00,0,23.704,55.57666666666667,423.706,14.18,0.75,15.2,30.13,1,6,30.34,37.991849999999964
2026-01-11 02:00:00,0,23.65533333333333,54.67066666666666,417.84133333333335,13.77,0.75,15.82,30.34,2,6,30.44,29.9701
2026-01-11 02:15:00,0,23.726,55.38333333333333,419.0066666666667,14.49,0.75,15.2,30.44,2,6,30.17,30.074800000000018
2026-01-11 02:30:00,0,23.711333333333336,55.64333333333333,417.25266666666664,14.21,0.75,15.21,30.17,2,6,31.78,30.02765000000004
2026-01-11 02:45:00,0,23.742666666666665,55.344,420.6913333333333,14.56,0.75,16.47,31.78,2,6,30.13,30.736349999999995
2026-01-11 03:00:00,0,23.685999999999996,53.916666666666664,420.8946666666667,14.09,0.75,15.29,30.13,3,6,30.5,30.43270000000002
2026-01-11 03:15:00,0,23.742666666666665,55.53,419.864,14.69,0.75,15.06,30.5,3,6,30.04,30.25760000000003
2026-01-11 03:30:00,0,23.637999999999998,54.75866666666666,420.38866666666667,13.64,0.75,15.65,30.04,3,6,30.52,30.24460000000002
2026-01-11 03:45:00,0,23.70133333333333,55.757333333333335,423.4486666666666,14.21,0.75,15.56,30.52,3,6,29.82,30.027299999999997
2026-01-11 04:00:00,0,23.679333333333332,54.73533333333333,421.2386666666667,14.020000000000001,0.75,15.05,29.82,4,6,30.709999999999997,30.01105000000002
2026-01-11 04:15:00,0,23.782666666666668,54.78333333333333,415.25333333333333,14.97,0.75,14.99,30.709999999999997,4,6,29.9,30.176949999999984
2026-01-11 04:30:00,0,23.735333333333333,55.595333333333336,417.7933333333333,14.5,0.75,14.65,29.9,4,6,30.36,30.455799999999996
2026-01-11 04:45:00,0,23.732666666666667,55.414,419.45133333333337,14.61,0.75,15.0,30.36,4,6,30.11,30.05290000000001
2026-01-11 05:00:00,0,23.648666666666667,54.948,423.572,13.77,0.75,15.59,30.11,5,6,29.62,30.210300000000007
2026-01-11 05:15:00,0,23.630666666666666,55.722,422.684,13.41,0.75,15.46,29.62,5,6,29.900000000000002,30.336849999999977
2026-01-11 05:30:00,0,23.732000000000003,54.67266666666667,418.4133333333333,14.46,0.75,14.69,29.900000000000002,5,6,29.08,31.127499999999984
2026-01-11 05:45:00,0,23.639333333333333,56.525333333333336,415.47266666666667,13.55,0.75,14.78,29.08,5,6,30.4,30.404500000000002
2026-01-11 06:00:00,0,23.7,54.68533333333333,421.50533333333334,14.120000000000001,0.75,15.53,30.4,6,6,30.71,30.024550000000012
2026-01-11 06:15:00,0,23.717333333333332,55.40933333333333,417.98199999999997,14.33,0.75,15.63,30.71,6,6,30.35,30.211850000000016
2026-01-11 06:30:00,0,23.688666666666666,54.751999999999995,423.3346666666667,14.1,0.75,15.5,30.35,6,6,28.97,30.360000000000017
2026-01-11 06:45:00,0,23.62,54.452666666666666,425.5466666666667,13.39,0.75,14.83,28.97,6,6,48.4,32.87755000000002
2026-01-11 07:00:00,74,23.862666666666666,55.068,544.0393333333334,21.73,12.0,14.67,48.4,7,6,47.04,48.70634999999992
2026-01-11 07:15:00,63,23.839333333333332,54.577999999999996,522.736,20.59,12.0,14.45,47.04,7,6,49.6,50.92149999999992
2026-01-11 07:30:00,74,23.929333333333332,55.35066666666667,540.6833333333333,22.43,12.0,15.17,49.6,7,6,48.08,48.73785
2026-01-11 07:45:00,62,23.853333333333335,54.34733333333334,520.7366666666667,20.68,12.0,15.4,48.08,7,6,47.89,48.84719999999996
2026-01-11 08:00:00,61,23.840666666666667,54.724000000000004,516.852,20.49,12.0,15.4,47.89,8,6,47.62,49.55144999999995
2026-01-11 08:15:00,61,23.85666666666667,54.087333333333326,522.5906666666666,20.62,12.0,15.0,47.62,8,6,45.089999999999996,48.862099999999955
2026-01-11 08:30:00,48,23.754666666666665,55.34866666666667,503.408,18.52,12.0,14.57,45.089999999999996,8,6,48.87,48.88289999999994
2026-01-11 08:45:00,68,23.863999999999997,54.86866666666666,532.7526666666666,21.25,12.0,15.62,48.87,8,6,53.21,49.44714999999996
2026-01-11 09:00:00,157,24.171333333333333,54.89533333333333,681.64,31.58,6.0,15.63,53.21,9,6,54.95,53.73514999999997
2026-01-11 09:15:00,174,24.258666666666667,55.425333333333334,707.0866666666666,33.89,6.0,15.059999999999999,54.95,9,6,53.47,54.30625000000003
2026-01-11 09:30:00,168,24.136000000000003,54.608,699.4666666666667,32.11,6.0,15.36,53.47,9,6,54.84,53.128349999999955
2026-01-11 09:45:00,172,24.212,53.436,705.0973333333333,33.24,6.0,15.6,54.84,9,6,51.13,52.81710000000002
2026-01-11 10:00:00,157,24.032666666666668,50.534,677.142,30.14,6.0,14.99,51.13,10,6,56.19,54.071150000000024
2026-01-11 10:15:00,190,24.195333333333334,49.88466666666667,731.6413333333334,34.5,6.0,15.69,56.19,10,6,52.05,53.54315000000009
2026-01-11 10:30:00,143,24.11,50.70066666666666,656.6466666666668,29.84,6.0,16.21,52.05,10,6,52.26,53.96919999999988
2026-01-11 10:45:00,160,24.073333333333334,49.413333333333334,691.3693333333334,30.83,6.0,15.43,52.26,10,6,55.57,53.24850000000004
2026-01-11 11:00:00,183,24.20133333333333,49.949333333333335,723.11,34.0,6.0,15.57,55.57,11,6,55.12,54.021000000000086
2026-01-11 11:15:00,178,24.221999999999998,49.76866666666667,721.2666666666667,33.82,6.0,15.299999999999999,55.12,11,6,53.64,53.176150000000035
2026-01-11 11:30:00,173,24.041999999999998,50.89,704.8126666666667,31.54,6.0,16.1,53.64,11,6,53.1,57.9249
2026-01-11 11:45:00,164,24.102666666666668,49.449333333333335,694.0726666666667,31.44,6.0,15.66,53.1,11,6,60.22,57.58685
2026-01-11 12:00:00,159,24.87066666666667,50.29066666666667,683.362,39.11,6.0,15.11,60.22,12,6,61.18,61.090899999999955
2026-01-11 12:15:00,162,24.918,49.644,686.304,39.86,6.0,15.32,61.18,12,6,64.48,60.60074999999996
2026-01-11 12:30:00,192,24.994000000000003,49.56066666666666,745.3426666666667,43.050000000000004,6.0,15.43,64.48,12,6,60.52,58.676050000000025
2026-01-11 12:45:00,162,24.934,50.19466666666666,686.5906666666667,40.01,6.0,14.51,60.52,12,6,47.42,61.312
2026-01-11 13:00:00,41,24.615333333333336,50.223333333333336,488.0366666666667,27.0,5.65,14.77,47.42,13,6,45.42,52.221300000000014
2026-01-11 13:15:00,32,24.541999999999998,51.148,472.1426666666667,25.52,4.6000000000000005,15.299999999999999,45.42,13,6,46.41,50.73114999999995
2026-01-11 13:30:00,36,24.586000000000002,51.11933333333333,481.7433333333333,26.29,4.6000000000000005,15.52,46.41,13,6,46.88,47.22045000000001
2026-01-11 13:45:00,42,24.56,49.38466666666667,486.58799999999997,26.48,4.95,15.45,46.88,13,6,61.34,50.93770000000001
2026-01-11 14:00:00,174,24.873333333333335,50.66466666666667,708.066,40.35,6.0,14.99,61.34,14,6,60.13,61.4327
2026-01-11 14:15:00,152,24.944000000000003,49.071333333333335,674.6173333333334,39.339999999999996,6.0,14.79,60.13,14,6,63.57,60.54030000000001
2026-01-11 14:30:00,184,24.982666666666667,49.004,727.4093333333333,42.29,6.0,15.28,63.57,14,6,60.31,55.57480000000003
2026-01-11 14:45:00,161,24.951999999999998,49.489333333333335,690.5246666666667,40.11,6.0,14.2,60.31,14,6,61.2,61.40039999999999
2026-01-11 15:00:00,155,24.986666666666668,49.910666666666664,675.7526666666668,40.01,6.0,15.19,61.2,15,6,61.78,60.909100000000024
2026-01-11 15:15:00,163,24.974666666666668,49.656,691.8746666666666,40.54,6.0,15.24,61.78,15,6,59.92,60.52100000000003
2026-01-11 15:30:00,157,24.91,49.79866666666667,684.1833333333333,39.37,6.0,14.55,59.92,15,6,64.28999999999999,61.01669999999999
2026-01-11 15:45:00,183,25.014666666666663,50.24666666666667,725.812,42.55,6.0,15.74,64.28999999999999,15,6,61.15,61.80704999999998
2026-01-11 16:00:00,168,24.89333333333333,51.048,698.0033333333333,40.07,6.0,15.08,61.15,16,6,67.47,63.53689999999992
2026-01-11 16:15:00,163,24.954,49.90533333333334,685.69,40.32,12.0,15.15,67.47,16,6,65.44,54.73029999999994
2026-01-11 16:30:00,151,24.86866666666667,50.242,670.8246666666668,38.44,12.0,15.0,65.44,16,6,67.75,64.7796999999999
2026-01-11 16:45:00,164,24.954666666666665,49.635999999999996,690.2686666666667,40.4,12.0,15.35,67.75,16,6,51.33,54.59949999999995
2026-01-11 17:00:00,27,24.520666666666667,49.65933333333333,460.13933333333335,24.87,10.5,15.96,51.33,17,6,42.04,41.35340000000001
2026-01-11 17:15:00,27,23.789333333333335,53.55466666666667,467.14666666666665,17.2,9.75,15.09,42.04,17,6,40.38,39.17775000000002
2026-01-11 17:30:00,19,23.780666666666665,55.526666666666664,451.566,16.49,8.25,15.64,40.38,17,6,42.06,41.23559999999995
2026-01-11 17:45:00,22,23.791999999999998,55.71133333333333,457.5073333333333,16.93,9.75,15.38,42.06,17,6,40.65,39.73554999999996
2026-01-11 18:00:00,24,23.69,55.334666666666664,464.11800000000005,16.03,9.0,15.620000000000001,40.65,18,6,40.21,38.50724999999999
2026-01-11 18:15:00,19,23.798000000000002,55.333999999999996,453.08933333333334,16.64,8.25,15.32,40.21,18,6,38.88,37.85934999999997
2026-01-11 18:30:00,24,23.708000000000002,55.47533333333333,461.92199999999997,16.27,7.500000000000001,15.110000000000001,38.88,18,6,42.97,38.52909999999994
2026-01-11 18:45:00,23,23.803333333333335,55.068,456.0686666666667,17.03,10.5,15.44,42.97,18,6,29.7,36.43639999999997
2026-01-11 19:00:00,0,23.692,54.852666666666664,425.1046666666667,14.08,0.75,14.870000000000001,29.7,19,6,31.09,30.748500000000003
2026-01-11 19:15:00,0,23.72533333333333,55.00466666666667,425.09600000000006,14.370000000000001,0.75,15.969999999999999,31.09,19,6,30.45,30.881899999999973
2026-01-11 19:30:00,0,23.730666666666664,55.50266666666666,421.5466666666667,14.56,0.75,15.14,30.45,19,6,29.64,30.190700000000014
2026-01-11 19:45:00,0,23.687333333333335,55.482,416.84000000000003,14.08,0.75,14.809999999999999,29.64,19,6,30.73,30.23634999999998
2026-01-11 20:00:00,0,23.742666666666665,55.346,427.316,14.59,0.75,15.39,30.73,20,6,30.919999999999998,32.85800000000002
2026-01-11 20:15:00,0,23.694666666666667,53.67466666666667,419.11466666666666,14.08,0.75,16.09,30.919999999999998,20,6,29.16,30.599650000000047
2026-01-11 20:30:00,0,23.62933333333333,54.36333333333334,416.7573333333333,13.540000000000001,0.75,14.87,29.16,20,6,29.1,30.673049999999968
2026-01-11 20:45:00,0,23.64466666666667,55.45733333333333,424.6986666666666,13.68,0.75,14.67,29.1,20,6,30.91,32.72615000000001
2026-01-11 21:00:00,0,23.764666666666667,54.676,417.63666666666666,14.84,0.75,15.32,30.91,21,6,30.439999999999998,30.113900000000008
2026-01-11 21:15:00,0,23.69066666666667,55.46266666666667,420.0286666666667,14.13,0.75,15.56,30.439999999999998,21,6,31.25,30.410749999999993
2026-01-11 21:30:00,0,23.70133333333333,55.17266666666667,417.5733333333334,14.200000000000001,0.75,16.3,31.25,21,6,30.66,30.150050000000036
2026-01-11 21:45:00,0,23.696,55.004,415.12066666666664,14.15,0.75,15.76,30.66,21,6,30.05,30.3198
2026-01-11 22:00:00,0,23.674666666666667,55.15266666666666,423.36066666666665,14.0,0.75,15.3,30.05,22,6,30.46,30.073250000000016
2026-01-11 22:15:00,0,23.705333333333332,54.50866666666666,419.44266666666664,14.2,0.75,15.51,30.46,22,6,29.73,30.196300000000033
2026-01-11 22:30:00,0,23.69333333333333,54.64533333333333,423.0346666666667,14.120000000000001,0.75,14.86,29.73,22,6,30.37,30.34979999999999
2026-01-11 22:45:00,0,23.720000000000002,54.782666666666664,419.9273333333333,14.36,0.75,15.26,30.37,22,6,30.24,30.266900000000017
2026-01-11 23:00:00,0,23.747999999999998,54.68266666666667,420.46666666666664,14.69,0.75,14.8,30.24,23,6,29.830000000000002,30.244799999999984
2026-01-11 23:15:00,0,23.7,54.806000000000004,420.04333333333335,14.14,0.75,14.94,29.830000000000002,23,6,30.82,30.716450000000005
2026-01-11 23:30:00,0,23.712666666666667,54.70399999999999,423.5293333333333,14.43,0.75,15.64,30.82,23,6,29.94,30.31554999999998
